chroma_stft,rms,spectral_centroid,spectral_bandwidth,rolloff,zero_crossing_rate,mfcc1,mfcc2,mfcc3,mfcc4,mfcc5,mfcc6,mfcc7,mfcc8,mfcc9,mfcc10,mfcc11,mfcc12,mfcc13,mfcc14,mfcc15,mfcc16,mfcc17,mfcc18,mfcc19,mfcc20,LABEL,filename
0.34121335,0.052466698,2201.3518490582906,2167.1534455058663,3939.1790969895874,0.114166259765625,-276.82056,84.936806,-23.854198,-6.8037515,-5.1089354,-10.3545885,-11.670987,-6.406674,-12.044895,-8.89358,1.0763454,-10.739387,-3.039114,-1.7966006,-5.537096,-1.472329,-10.611085,-4.915546,-8.949053,-6.9125786,REAL,biden-to-Trump.wav
0.4165205,0.061224602,1986.7605640571867,2028.0164652217336,3781.568930308645,0.09499396029250122,-253.7583,111.19869,0.025428155,21.919771,10.999806,0.42723277,-2.672259,1.376005,-2.6662412,8.432921,-4.1798515,0.75374055,0.4720699,3.1962159,1.3231832,2.0042517,-0.37439352,2.4585948,-0.8134446,-0.63447195,REAL,linus-original.wav
0.34121335,0.052466698,2201.3518490582906,2167.1534455058663,3939.1790969895874,0.114166259765625,-276.82056,84.936806,-23.854198,-6.8037515,-5.1089354,-10.3545885,-11.670987,-6.406674,-12.044895,-8.89358,1.0763454,-10.739387,-3.039114,-1.7966006,-5.537096,-1.472329,-10.611085,-4.915546,-8.949053,-6.9125786,FAKE,biden-to-Trump.wav
