{
  "MLP": {
    "accuracy": 0.6204044117647058,
    "precision": 0.6266924564796905,
    "recall": 0.5955882352941176,
    "f1_score": 0.6107445805843544,
    "roc_auc": 0.6752169387975779
  },
  "CNN": {
    "accuracy": 0.4880514705882353,
    "precision": 0.4601226993865031,
    "recall": 0.13786764705882354,
    "f1_score": 0.21216407355021216,
    "roc_auc": 0.4621810121107267
  },
  "Logistic Regression": {
    "accuracy": 0.6856617647058824,
    "precision": 0.6672185430463576,
    "recall": 0.7408088235294118,
    "f1_score": 0.7020905923344948,
    "roc_auc": 0.7379129271193772
  },
  "dataset_info": {
    "total_samples": 17870,
    "train_samples": 13956,
    "validation_samples": 2826,
    "test_samples": 1088,
    "feature_dimension": 768,
    "classes": [
      "fake",
      "real"
    ],
    "timestamp": "20250801_105126"
  }
}